ExternalId,FirstName,LastName,BillingCity,BillingStreet,BillingPostalCode,BillingCountry,AUM__c,Preferred_Channel__c,OwnerExternalId
PA_0001,Priya,Sharma,Bandra,12 Bandra West,400050,India,18000000,WhatsApp,005ak00000WE11pAAD
PA_0002,Rohit,Kapoor,Andheri,45 Andheri East,400069,India,22000000,WhatsApp,005ak00000WE11pAAD
PA_0003,Meera,Desai,Worli,8 Worli Sea Face,400018,India,15000000,WhatsApp,005ak00000WE11pAAD
PA_0004,Pooja,Iyer,Mumbai,466 Thane,400008,India,11373943,WhatsApp,005ak00000WE11pAAD
PA_0005,Ayaan,Gupta,Mumbai,345 Borivali,400078,India,4472743,WhatsApp,005ak00000WE11pAAD
PA_0006,Ayaan,Singh,Mumbai,308 Vashi,400063,India,3982927,Email,005ak00000WE11pAAD
PA_0007,Ananya,Reddy,Mumbai,86 Lower Parel,400022,India,13931381,Email,005ak00000WE11pAAD
PA_0008,Krishna,Khanna,Mumbai,424 Malad,400086,India,14793810,WhatsApp,005ak00000WE11pAAD
PA_0009,Krishna,Bhardwaj,Mumbai,213 Vashi,400054,India,3454349,Email,005ak00000WE11pAAD
PA_0010,Rohit,Khanna,Mumbai,44 Juhu,400008,India,5643628,WhatsApp,005ak00000WE11pAAD
PA_0011,Aarav,Malhotra,Mumbai,306 BKC,400074,India,8249471,Email,005ak00000WE11pAAD
PA_0012,Kiara,Singh,Mumbai,126 Powai,400055,India,5441595,WhatsApp,005ak00000WE11pAAD
PA_0013,Ananya,Iyer,Mumbai,239 Borivali,400085,India,3197956,Email,005ak00000WE11pAAD
PA_0014,Aarav,Sharma,Mumbai,463 Powai,400007,India,5506870,WhatsApp,005ak00000WE11pAAD
PA_0015,Aadhya,Mehta,Mumbai,162 Andheri,400027,India,3791423,Email,005ak00000WE11pAAD
PA_0016,Aadhya,Desai,Mumbai,431 BKC,400024,India,8847803,WhatsApp,005ak00000WE11pAAD
PA_0017,Aditya,Mehta,Mumbai,40 Lower Parel,400048,India,4920288,WhatsApp,005ak00000WE11pAAD
PA_0018,Sanjay,Shah,Mumbai,98 Vashi,400073,India,14215152,Email,005ak00000WE11pAAD
PA_0019,Krishna,Desai,Mumbai,417 Worli,400034,India,5392620,WhatsApp,005ak00000WE11pAAD
PA_0020,Anaya,Khanna,Mumbai,313 Malad,400024,India,3831182,Email,005ak00000WE11pAAD
PA_0021,Neha,Rao,Mumbai,22 Borivali,400060,India,5860024,WhatsApp,005ak00000WE11pAAD
PA_0022,Reyansh,Gupta,Mumbai,465 Malad,400088,India,3500965,WhatsApp,005ak00000WE11pAAD
PA_0023,Anaya,Iyer,Mumbai,396 Worli,400095,India,3671078,Email,005ak00000WE11pAAD
PA_0024,Myra,Kapoor,Mumbai,236 Malad,400093,India,2856537,Email,005ak00000WE11pAAD
PA_0025,Reyansh,Desai,Mumbai,126 Worli,400018,India,5341904,WhatsApp,005ak00000WE11pAAD
PA_0026,Neha,Reddy,Mumbai,271 Bandra,400074,India,4703569,Email,005ak00000WE11pAAD
PA_0027,Vihaan,Mehta,Mumbai,236 Worli,400040,India,11435003,Email,005ak00000WE11pAAD
PA_0028,Kiara,Joshi,Mumbai,258 Bandra,400031,India,2458952,WhatsApp,005ak00000WE11pAAD
PA_0029,Pooja,Bhardwaj,Mumbai,12 Borivali,400002,India,6968763,WhatsApp,005ak00000WE11pAAD
PA_0030,Myra,Verma,Mumbai,162 Thane,400048,India,5291908,WhatsApp,005ak00000WE11pAAD
PA_0031,Pooja,Kapoor,Mumbai,462 BKC,400087,India,1121779,WhatsApp,005ak00000WE11pAAD
PA_0032,Aarav,Reddy,Mumbai,302 Andheri,400096,India,3027169,WhatsApp,005ak00000WE11pAAD
PA_0033,Ayaan,Kapoor,Mumbai,444 Andheri,400023,India,3666869,WhatsApp,005ak00000WE11pAAD
PA_0034,Aditya,Rao,Mumbai,246 Andheri,400092,India,5709343,WhatsApp,005ak00000WE11pAAD
PA_0035,Vikram,Bhardwaj,Mumbai,467 Juhu,400051,India,4174871,WhatsApp,005ak00000WE11pAAD
PA_0036,Krishna,Iyer,Mumbai,235 Worli,400020,India,7484965,WhatsApp,005ak00000WE11pAAD
PA_0037,Aarav,Reddy,Mumbai,97 Powai,400057,India,5246196,Email,005ak00000WE11pAAD
PA_0038,Diya,Desai,Mumbai,443 Worli,400070,India,6696200,WhatsApp,005ak00000WE11pAAD
PA_0039,Aarav,Bhardwaj,Mumbai,113 Borivali,400045,India,14881652,WhatsApp,005ak00000WE11pAAD
PA_0040,Krishna,Mehta,Mumbai,155 Thane,400062,India,5016702,Email,005ak00000WE11pAAD
PA_0041,Neha,Malhotra,Mumbai,233 Andheri,400096,India,1319532,WhatsApp,005ak00000WE11pAAD
PA_0042,Pooja,Rao,Mumbai,210 BKC,400095,India,7878123,Email,005ak00000WE11pAAD
PA_0043,Vihaan,Singh,Mumbai,306 Andheri,400018,India,3910795,WhatsApp,005ak00000WE11pAAD
PA_0044,Rajesh,Bhardwaj,Mumbai,142 Malad,400064,India,6998755,WhatsApp,005ak00000WE11pAAD
PA_0045,Saanvi,Malhotra,Mumbai,494 Goregaon,400035,India,7759183,Email,005ak00000WE11pAAD
PA_0046,Ananya,Patel,Mumbai,384 Vashi,400057,India,21055207,WhatsApp,005ak00000WE11pAAD
PA_0047,Vihaan,Khanna,Mumbai,342 Goregaon,400001,India,1533065,WhatsApp,005ak00000WE11pAAD
PA_0048,Atharv,Singh,Mumbai,117 Powai,400055,India,7443251,Email,005ak00000WE11pAAD
PA_0049,Ayaan,Singh,Mumbai,211 Juhu,400068,India,3456166,WhatsApp,005ak00000WE11pAAD
PA_0050,Ishaan,Malhotra,Mumbai,30 Khar,400014,India,2831323,Email,005ak00000WE11pAAD
PA_0051,Priya,Desai,Mumbai,19 Borivali,400024,India,8023482,WhatsApp,005ak00000WE11pAAD
PA_0052,Aarav,Desai,Mumbai,476 Goregaon,400053,India,3096413,Email,005ak00000WE11pAAD
PA_0053,Reyansh,Kapoor,Mumbai,392 BKC,400063,India,1482601,WhatsApp,005ak00000WE11pAAD
PA_0054,Meera,Khanna,Mumbai,63 BKC,400003,India,7643100,WhatsApp,005ak00000WE11pAAD
PA_0055,Ayaan,Joshi,Mumbai,211 Borivali,400063,India,16738068,Email,005ak00000WE11pAAD
PA_0056,Aadhya,Sharma,Mumbai,300 Andheri,400014,India,3026921,WhatsApp,005ak00000WE11pAAD
PA_0057,Karan,Desai,Mumbai,225 Khar,400050,India,7911625,Email,005ak00000WE11pAAD
PA_0058,Ishaan,Mehta,Mumbai,320 Vashi,400044,India,15095726,WhatsApp,005ak00000WE11pAAD
PA_0059,Vikram,Iyer,Mumbai,69 Bandra,400038,India,9690956,WhatsApp,005ak00000WE11pAAD
PA_0060,Reyansh,Reddy,Mumbai,132 Powai,400057,India,4904269,WhatsApp,005ak00000WE11pAAD
PA_0061,Vihaan,Mehta,Mumbai,157 BKC,400061,India,3865652,Email,005ak00000WE11pAAD
PA_0062,Pooja,Bhardwaj,Mumbai,336 Bandra,400035,India,3264267,WhatsApp,005ak00000WE11pAAD
PA_0063,Krishna,Rao,Mumbai,425 Vashi,400008,India,3085105,WhatsApp,005ak00000WE11pAAD
PA_0064,Aadhya,Gupta,Mumbai,24 Andheri,400007,India,3285422,WhatsApp,005ak00000WE11pAAD
PA_0065,Diya,Patel,Mumbai,164 Borivali,400053,India,26217534,Email,005ak00000WE11pAAD
PA_0066,Anaya,Verma,Mumbai,17 Borivali,400038,India,6784765,Email,005ak00000WE11pAAD
PA_0067,Anaya,Verma,Mumbai,255 Malad,400089,India,22654687,Email,005ak00000WE11pAAD
PA_0068,Diya,Joshi,Mumbai,288 Goregaon,400074,India,5086925,WhatsApp,005ak00000WE11pAAD
PA_0069,Saanvi,Malhotra,Mumbai,201 BKC,400046,India,7387766,Email,005ak00000WE11pAAD
PA_0070,Rajesh,Desai,Mumbai,300 Goregaon,400030,India,14997911,WhatsApp,005ak00000WE11pAAD
PA_0071,Vihaan,Sharma,Mumbai,245 Bandra,400020,India,2872505,WhatsApp,005ak00000WE11pAAD
PA_0072,Pooja,Rao,Mumbai,456 Juhu,400037,India,10334441,WhatsApp,005ak00000WE11pAAD
PA_0073,Aarav,Iyer,Mumbai,302 Borivali,400006,India,4661657,WhatsApp,005ak00000WE11pAAD
PA_0074,Sanjay,Rao,Mumbai,498 Lower Parel,400032,India,5759480,WhatsApp,005ak00000WE11pAAD
PA_0075,Aditya,Patel,Mumbai,386 Vashi,400012,India,23554019,WhatsApp,005ak00000WE11pAAD
PA_0076,Meera,Iyer,Mumbai,114 Bandra,400011,India,3435515,Email,005ak00000WE11pAAD
PA_0077,Aditya,Singh,Mumbai,438 Andheri,400015,India,6588387,WhatsApp,005ak00000WE11pAAD
PA_0078,Saanvi,Desai,Mumbai,319 Lower Parel,400003,India,7359086,Email,005ak00000WE11pAAD
PA_0079,Meera,Joshi,Mumbai,143 Lower Parel,400098,India,2932986,Email,005ak00000WE11pAAD
PA_0080,Anaya,Gupta,Mumbai,482 Juhu,400020,India,4404705,WhatsApp,005ak00000WE11pAAD
PA_0081,Atharv,Khanna,Mumbai,420 Malad,400098,India,1915678,WhatsApp,005ak00000WE11pAAD
PA_0082,Rajesh,Bhardwaj,Mumbai,393 Vashi,400065,India,3369737,WhatsApp,005ak00000WE11pAAD
PA_0083,Ananya,Mehta,Mumbai,321 BKC,400025,India,6877552,WhatsApp,005ak00000WE11pAAD
PA_0084,Reyansh,Verma,Mumbai,8 Goregaon,400021,India,14709241,WhatsApp,005ak00000WE11pAAD
PA_0085,Priya,Iyer,Mumbai,332 Andheri,400027,India,6082093,Email,005ak00000WE11pAAD
PA_0086,Diya,Shah,Mumbai,211 Vashi,400030,India,7948041,Email,005ak00000WE11pAAD
PA_0087,Karan,Shah,Mumbai,163 Worli,400030,India,2827697,WhatsApp,005ak00000WE11pAAD
PA_0088,Aadhya,Gupta,Mumbai,424 Khar,400048,India,1866509,WhatsApp,005ak00000WE11pAAD
PA_0089,Anaya,Reddy,Mumbai,242 Juhu,400076,India,16673286,Email,005ak00000WE11pAAD
PA_0090,Saanvi,Kapoor,Mumbai,116 Lower Parel,400096,India,3716955,WhatsApp,005ak00000WE11pAAD
PA_0091,Sanjay,Rao,Mumbai,314 Bandra,400050,India,16951744,WhatsApp,005ak00000WE11pAAD
PA_0092,Meera,Singh,Mumbai,285 Goregaon,400020,India,20872748,Email,005ak00000WE11pAAD
PA_0093,Krishna,Shah,Mumbai,150 Borivali,400018,India,6185971,WhatsApp,005ak00000WE11pAAD
PA_0094,Priya,Malhotra,Mumbai,364 Bandra,400084,India,1515615,Email,005ak00000WE11pAAD
PA_0095,Neha,Reddy,Mumbai,167 BKC,400057,India,12779433,WhatsApp,005ak00000WE11pAAD
PA_0096,Sanjay,Khanna,Mumbai,235 Worli,400051,India,6437102,Email,005ak00000WE11pAAD
PA_0097,Aarav,Verma,Mumbai,53 Lower Parel,400045,India,4008465,WhatsApp,005ak00000WE11pAAD
PA_0098,Priya,Kapoor,Mumbai,401 Worli,400036,India,11476377,WhatsApp,005ak00000WE11pAAD
PA_0099,Vikram,Shah,Mumbai,11 Malad,400034,India,7428154,WhatsApp,005ak00000WE11pAAD
PA_0100,Ayaan,Kapoor,Mumbai,21 BKC,400055,India,4832802,WhatsApp,005ak00000WE11pAAD
PA_0101,Sanjay,Rao,Mumbai,319 Bandra,400068,India,6156689,WhatsApp,005ak00000WE11pAAD
PA_0102,Ayaan,Joshi,Mumbai,247 Thane,400098,India,6062363,WhatsApp,005ak00000WE11pAAD
PA_0103,Kiara,Khanna,Mumbai,470 BKC,400007,India,3428393,WhatsApp,005ak00000WE11pAAD
PA_0104,Myra,Mehta,Mumbai,80 Vashi,400056,India,5872994,WhatsApp,005ak00000WE11pAAD
PA_0105,Sanjay,Desai,Mumbai,211 Lower Parel,400045,India,1861617,Email,005ak00000WE11pAAD
PA_0106,Myra,Shah,Mumbai,355 Juhu,400089,India,5077759,WhatsApp,005ak00000WE11pAAD
PA_0107,Anaya,Desai,Mumbai,118 Lower Parel,400018,India,6284633,WhatsApp,005ak00000WE11pAAD
PA_0108,Myra,Khanna,Mumbai,489 Goregaon,400023,India,4062433,WhatsApp,005ak00000WE11pAAD
PA_0109,Rohit,Patel,Mumbai,475 Malad,400081,India,7247237,Email,005ak00000WE11pAAD
PA_0110,Meera,Reddy,Mumbai,227 BKC,400041,India,4971702,WhatsApp,005ak00000WE11pAAD
PA_0111,Ayaan,Khanna,Mumbai,480 Lower Parel,400029,India,8911797,WhatsApp,005ak00000WE11pAAD
PA_0112,Krishna,Desai,Mumbai,432 Lower Parel,400089,India,6989832,WhatsApp,005ak00000WE11pAAD
PA_0113,Rajesh,Bhardwaj,Mumbai,10 Worli,400013,India,23947152,WhatsApp,005ak00000WE11pAAD
PA_0114,Diya,Shah,Mumbai,410 Vashi,400047,India,6443780,Email,005ak00000WE11pAAD
PA_0115,Kiara,Mehta,Mumbai,75 Juhu,400087,India,4054523,Email,005ak00000WE11pAAD
PA_0116,Myra,Patel,Mumbai,326 Thane,400073,India,7216664,WhatsApp,005ak00000WE11pAAD
PA_0117,Reyansh,Malhotra,Mumbai,163 Powai,400022,India,6499545,WhatsApp,005ak00000WE11pAAD
PA_0118,Aditya,Gupta,Mumbai,179 Powai,400049,India,3181030,Email,005ak00000WE11pAAD
PA_0119,Kiara,Gupta,Mumbai,467 Andheri,400005,India,2060014,WhatsApp,005ak00000WE11pAAD
PA_0120,Krishna,Shah,Mumbai,381 BKC,400016,India,10763819,WhatsApp,005ak00000WE11pAAD
PA_0121,Vihaan,Verma,Mumbai,162 Powai,400075,India,1925250,WhatsApp,005ak00000WE11pAAD
PA_0122,Atharv,Bhardwaj,Mumbai,128 Powai,400028,India,12125800,WhatsApp,005ak00000WE11pAAD
PA_0123,Pooja,Sharma,Mumbai,221 Goregaon,400090,India,2246622,WhatsApp,005ak00000WE11pAAD
PA_0124,Myra,Khanna,Mumbai,71 BKC,400082,India,7243244,Email,005ak00000WE11pAAD
PA_0125,Pooja,Kapoor,Mumbai,423 Lower Parel,400065,India,4702728,WhatsApp,005ak00000WE11pAAD
PA_0126,Krishna,Joshi,Mumbai,127 Thane,400077,India,7850371,WhatsApp,005ak00000WE11pAAD
PA_0127,Anaya,Desai,Mumbai,136 Lower Parel,400026,India,13907064,WhatsApp,005ak00000WE11pAAD
PA_0128,Diya,Patel,Mumbai,309 Khar,400045,India,1915026,Email,005ak00000WE11pAAD
PA_0129,Neha,Joshi,Mumbai,492 Worli,400032,India,10988162,Email,005ak00000WE11pAAD
PA_0130,Priya,Bhardwaj,Mumbai,259 Powai,400041,India,23457479,WhatsApp,005ak00000WE11pAAD
PA_0131,Aarav,Malhotra,Mumbai,446 Powai,400020,India,2368534,WhatsApp,005ak00000WE11pAAD
PA_0132,Kiara,Iyer,Mumbai,206 Juhu,400012,India,8259626,WhatsApp,005ak00000WE11pAAD
PA_0133,Karan,Gupta,Mumbai,236 Andheri,400074,India,3183157,Email,005ak00000WE11pAAD
PA_0134,Diya,Singh,Mumbai,480 Juhu,400055,India,4852429,WhatsApp,005ak00000WE11pAAD
PA_0135,Vikram,Khanna,Mumbai,267 Goregaon,400074,India,5103231,Email,005ak00000WE11pAAD
PA_0136,Reyansh,Malhotra,Mumbai,426 Khar,400055,India,4881275,WhatsApp,005ak00000WE11pAAD
PA_0137,Neha,Sharma,Mumbai,484 Juhu,400052,India,6035251,Email,005ak00000WE11pAAD
PA_0138,Diya,Khanna,Mumbai,381 Lower Parel,400070,India,4166997,Email,005ak00000WE11pAAD
PA_0139,Meera,Bhardwaj,Mumbai,182 Vashi,400003,India,9578641,WhatsApp,005ak00000WE11pAAD
PA_0140,Aditya,Gupta,Mumbai,192 Bandra,400036,India,5572786,WhatsApp,005ak00000WE11pAAD
PA_0141,Kiara,Khanna,Mumbai,452 Vashi,400063,India,3564287,Email,005ak00000WE11pAAD
PA_0142,Ayaan,Bhardwaj,Mumbai,477 Lower Parel,400001,India,3445327,Email,005ak00000WE11pAAD
PA_0143,Rohit,Joshi,Mumbai,475 Juhu,400053,India,2585316,Email,005ak00000WE11pAAD
PA_0144,Kiara,Shah,Mumbai,238 Borivali,400032,India,4394643,WhatsApp,005ak00000WE11pAAD
PA_0145,Neha,Rao,Mumbai,198 Lower Parel,400070,India,6047840,WhatsApp,005ak00000WE11pAAD
PA_0146,Ayaan,Singh,Mumbai,204 Goregaon,400050,India,3001070,Email,005ak00000WE11pAAD
PA_0147,Neha,Bhardwaj,Mumbai,425 Malad,400028,India,3509438,Email,005ak00000WE11pAAD
PA_0148,Karan,Reddy,Mumbai,181 Bandra,400041,India,1834529,WhatsApp,005ak00000WE11pAAD
PA_0149,Ayaan,Khanna,Mumbai,238 Borivali,400043,India,3152868,WhatsApp,005ak00000WE11pAAD
PA_0150,Vihaan,Verma,Mumbai,76 Juhu,400020,India,3226408,Email,005ak00000WE11pAAD
PA_0151,Diya,Rao,Mumbai,143 Khar,400098,India,9244675,WhatsApp,005ak00000WE11pAAD
PA_0152,Neha,Verma,Mumbai,252 Andheri,400096,India,4553871,WhatsApp,005ak00000WE11pAAD
PA_0153,Aadhya,Singh,Mumbai,75 Worli,400098,India,1307347,WhatsApp,005ak00000WE11pAAD
PA_0154,Priya,Singh,Mumbai,210 Thane,400079,India,5399814,WhatsApp,005ak00000WE11pAAD
PA_0155,Karan,Khanna,Mumbai,467 BKC,400066,India,2122461,WhatsApp,005ak00000WE11pAAD
PA_0156,Aditya,Sharma,Mumbai,323 Powai,400037,India,3030144,Email,005ak00000WE11pAAD
PA_0157,Myra,Shah,Mumbai,23 Andheri,400032,India,5023843,WhatsApp,005ak00000WE11pAAD
PA_0158,Rohit,Joshi,Mumbai,347 Andheri,400002,India,8821198,WhatsApp,005ak00000WE11pAAD
PA_0159,Diya,Reddy,Mumbai,322 Andheri,400099,India,17341795,WhatsApp,005ak00000WE11pAAD
PA_0160,Sanjay,Gupta,Mumbai,393 Andheri,400069,India,4716246,WhatsApp,005ak00000WE11pAAD
PA_0161,Vikram,Joshi,Mumbai,221 Khar,400018,India,893603,WhatsApp,005ak00000WE11pAAD
PA_0162,Vihaan,Reddy,Mumbai,470 Khar,400043,India,4718218,Email,005ak00000WE11pAAD
PA_0163,Kiara,Shah,Mumbai,295 Worli,400082,India,13799169,WhatsApp,005ak00000WE11pAAD
PA_0164,Ananya,Rao,Mumbai,473 Worli,400076,India,5532406,Email,005ak00000WE11pAAD
PA_0165,Sanjay,Khanna,Mumbai,267 Juhu,400075,India,3460535,Email,005ak00000WE11pAAD
PA_0166,Myra,Reddy,Mumbai,316 Malad,400071,India,4705072,WhatsApp,005ak00000WE11pAAD
PA_0167,Atharv,Iyer,Mumbai,136 Powai,400095,India,5471100,WhatsApp,005ak00000WE11pAAD
PA_0168,Neha,Joshi,Mumbai,37 Powai,400066,India,5380455,Email,005ak00000WE11pAAD
PA_0169,Rohit,Gupta,Mumbai,451 Vashi,400031,India,5875500,Email,005ak00000WE11pAAD
PA_0170,Atharv,Gupta,Mumbai,161 Vashi,400047,India,7321997,WhatsApp,005ak00000WE11pAAD
PA_0171,Anaya,Iyer,Mumbai,254 BKC,400071,India,4525463,WhatsApp,005ak00000WE11pAAD
PA_0172,Myra,Bhardwaj,Mumbai,93 Goregaon,400071,India,7019199,WhatsApp,005ak00000WE11pAAD
PA_0173,Reyansh,Joshi,Mumbai,51 Bandra,400065,India,2313220,Email,005ak00000WE11pAAD
PA_0174,Sanjay,Iyer,Mumbai,420 Juhu,400006,India,4268050,WhatsApp,005ak00000WE11pAAD
PA_0175,Ishaan,Mehta,Mumbai,211 Lower Parel,400075,India,4250844,WhatsApp,005ak00000WE11pAAD
PA_0176,Kiara,Singh,Mumbai,167 Worli,400099,India,3955809,WhatsApp,005ak00000WE11pAAD
PA_0177,Ananya,Iyer,Mumbai,18 Bandra,400009,India,5543794,Email,005ak00000WE11pAAD
PA_0178,Vihaan,Bhardwaj,Mumbai,31 Andheri,400073,India,4968528,WhatsApp,005ak00000WE11pAAD
PA_0179,Rohit,Desai,Mumbai,322 Lower Parel,400019,India,6473883,WhatsApp,005ak00000WE11pAAD
PA_0180,Vikram,Singh,Mumbai,240 Andheri,400001,India,11127087,WhatsApp,005ak00000WE11pAAD
PA_0181,Saanvi,Patel,Mumbai,281 Goregaon,400014,India,2425943,WhatsApp,005ak00000WE11pAAD
PA_0182,Aadhya,Desai,Mumbai,367 Malad,400054,India,10613475,WhatsApp,005ak00000WE11pAAD
PA_0183,Rajesh,Shah,Mumbai,169 Worli,400004,India,6012881,WhatsApp,005ak00000WE11pAAD
PA_0184,Karan,Joshi,Mumbai,403 Worli,400019,India,2585194,WhatsApp,005ak00000WE11pAAD
PA_0185,Rajesh,Malhotra,Mumbai,292 Vashi,400096,India,3720630,WhatsApp,005ak00000WE11pAAD
PA_0186,Ananya,Patel,Mumbai,272 Juhu,400050,India,2785743,WhatsApp,005ak00000WE11pAAD
PA_0187,Aarav,Singh,Mumbai,361 Vashi,400077,India,2106783,Email,005ak00000WE11pAAD
PA_0188,Rajesh,Kapoor,Mumbai,210 Khar,400065,India,4024320,WhatsApp,005ak00000WE11pAAD
PA_0189,Aarav,Verma,Mumbai,241 Khar,400046,India,3490890,WhatsApp,005ak00000WE11pAAD
PA_0190,Reyansh,Sharma,Mumbai,217 Powai,400022,India,3659534,Email,005ak00000WE11pAAD
PA_0191,Karan,Rao,Mumbai,182 Juhu,400073,India,2858303,WhatsApp,005ak00000WE11pAAD
PA_0192,Vihaan,Gupta,Mumbai,280 Goregaon,400058,India,4044610,Email,005ak00000WE11pAAD
PA_0193,Myra,Reddy,Mumbai,365 BKC,400026,India,1832306,Email,005ak00000WE11pAAD
PA_0194,Karan,Iyer,Mumbai,48 Bandra,400092,India,3420971,WhatsApp,005ak00000WE11pAAD
PA_0195,Karan,Sharma,Mumbai,395 Powai,400083,India,3542225,WhatsApp,005ak00000WE11pAAD
PA_0196,Ayaan,Kapoor,Mumbai,252 Andheri,400012,India,3874779,WhatsApp,005ak00000WE11pAAD
PA_0197,Aditya,Mehta,Mumbai,498 Borivali,400071,India,9070809,WhatsApp,005ak00000WE11pAAD
PA_0198,Priya,Khanna,Mumbai,266 Worli,400045,India,3322273,Email,005ak00000WE11pAAD
PA_0199,Aadhya,Verma,Mumbai,395 Thane,400050,India,3208629,WhatsApp,005ak00000WE11pAAD
PA_0200,Diya,Desai,Mumbai,77 Thane,400028,India,4442741,WhatsApp,005ak00000WE11pAAD
PA_0201,Rohit,Malhotra,Mumbai,181 Goregaon,400095,India,11836595,Email,005ak00000WE11pAAD
PA_0202,Aadhya,Bhardwaj,Mumbai,316 BKC,400056,India,6764401,Email,005ak00000WE11pAAD
PA_0203,Myra,Malhotra,Mumbai,175 Goregaon,400019,India,14525405,Email,005ak00000WE11pAAD
PA_0204,Krishna,Shah,Mumbai,170 Worli,400032,India,8251000,Email,005ak00000WE11pAAD
PA_0205,Karan,Shah,Mumbai,187 Malad,400044,India,2450441,WhatsApp,005ak00000WE11pAAD
PA_0206,Myra,Verma,Mumbai,12 Andheri,400025,India,1743107,WhatsApp,005ak00000WE11pAAD
PA_0207,Kiara,Sharma,Mumbai,119 BKC,400040,India,12622002,WhatsApp,005ak00000WE11pAAD
PA_0208,Aadhya,Singh,Mumbai,339 Lower Parel,400078,India,1673996,Email,005ak00000WE11pAAD
PA_0209,Aarav,Verma,Mumbai,451 Powai,400060,India,10446360,WhatsApp,005ak00000WE11pAAD
PA_0210,Neha,Reddy,Mumbai,181 Lower Parel,400055,India,5742038,WhatsApp,005ak00000WE11pAAD
PA_0211,Priya,Patel,Mumbai,105 Worli,400090,India,3828714,WhatsApp,005ak00000WE11pAAD
PA_0212,Ananya,Mehta,Mumbai,94 Bandra,400080,India,25983446,WhatsApp,005ak00000WE11pAAD
PA_0213,Saanvi,Rao,Mumbai,209 Bandra,400050,India,9590793,WhatsApp,005ak00000WE11pAAD
PA_0214,Kiara,Singh,Mumbai,435 Borivali,400006,India,8349035,Email,005ak00000WE11pAAD
PA_0215,Karan,Desai,Mumbai,214 Juhu,400012,India,3125864,Email,005ak00000WE11pAAD
PA_0216,Pooja,Patel,Mumbai,97 Juhu,400021,India,9411694,WhatsApp,005ak00000WE11pAAD
PA_0217,Neha,Desai,Mumbai,198 Juhu,400082,India,2304170,WhatsApp,005ak00000WE11pAAD
PA_0218,Kiara,Gupta,Mumbai,453 BKC,400089,India,2715254,Email,005ak00000WE11pAAD
PA_0219,Saanvi,Malhotra,Mumbai,43 Lower Parel,400056,India,12218559,WhatsApp,005ak00000WE11pAAD
PA_0220,Aditya,Desai,Mumbai,293 Borivali,400050,India,5214386,Email,005ak00000WE11pAAD
PA_0221,Reyansh,Malhotra,Mumbai,472 BKC,400006,India,10711072,WhatsApp,005ak00000WE11pAAD
PA_0222,Diya,Verma,Mumbai,243 Thane,400085,India,2578258,Email,005ak00000WE11pAAD
PA_0223,Diya,Singh,Mumbai,254 Thane,400042,India,4100292,Email,005ak00000WE11pAAD
PA_0224,Pooja,Mehta,Mumbai,173 BKC,400051,India,12366972,Email,005ak00000WE11pAAD
PA_0225,Rohit,Khanna,Mumbai,97 Vashi,400079,India,7349055,WhatsApp,005ak00000WE11pAAD
PA_0226,Vikram,Malhotra,Mumbai,24 Goregaon,400089,India,10199028,WhatsApp,005ak00000WE11pAAD
PA_0227,Kiara,Kapoor,Mumbai,318 Goregaon,400013,India,2753654,WhatsApp,005ak00000WE11pAAD
PA_0228,Aadhya,Shah,Mumbai,238 Juhu,400063,India,3958383,WhatsApp,005ak00000WE11pAAD
PA_0229,Priya,Mehta,Mumbai,199 Andheri,400052,India,5331940,WhatsApp,005ak00000WE11pAAD
PA_0230,Diya,Khanna,Mumbai,194 Thane,400053,India,6303777,WhatsApp,005ak00000WE11pAAD
PA_0231,Vihaan,Joshi,Mumbai,74 Vashi,400040,India,4757735,WhatsApp,005ak00000WE11pAAD
PA_0232,Aditya,Gupta,Mumbai,269 Malad,400005,India,26263450,WhatsApp,005ak00000WE11pAAD
PA_0233,Rajesh,Desai,Mumbai,2 Borivali,400058,India,2988075,Email,005ak00000WE11pAAD
PA_0234,Ananya,Khanna,Mumbai,61 Juhu,400096,India,676695,WhatsApp,005ak00000WE11pAAD
PA_0235,Vihaan,Gupta,Mumbai,288 Juhu,400091,India,2640589,WhatsApp,005ak00000WE11pAAD
PA_0236,Krishna,Verma,Mumbai,409 Goregaon,400028,India,3524878,WhatsApp,005ak00000WE11pAAD
PA_0237,Ishaan,Iyer,Mumbai,226 Bandra,400061,India,12705689,WhatsApp,005ak00000WE11pAAD
PA_0238,Priya,Joshi,Mumbai,307 Goregaon,400098,India,3635081,Email,005ak00000WE11pAAD
PA_0239,Pooja,Kapoor,Mumbai,223 Borivali,400020,India,7591688,WhatsApp,005ak00000WE11pAAD
PA_0240,Pooja,Khanna,Mumbai,193 Malad,400055,India,2426819,Email,005ak00000WE11pAAD
PA_0241,Neha,Singh,Mumbai,85 Malad,400084,India,5729412,WhatsApp,005ak00000WE11pAAD
PA_0242,Ananya,Sharma,Mumbai,97 Powai,400046,India,12613095,Email,005ak00000WE11pAAD
PA_0243,Atharv,Gupta,Mumbai,431 Andheri,400037,India,12514381,Email,005ak00000WE11pAAD
PA_0244,Vihaan,Reddy,Mumbai,309 Borivali,400031,India,6080796,Email,005ak00000WE11pAAD
PA_0245,Kiara,Sharma,Mumbai,304 Thane,400049,India,4194917,Email,005ak00000WE11pAAD
PA_0246,Rajesh,Malhotra,Mumbai,36 Andheri,400071,India,13574958,WhatsApp,005ak00000WE11pAAD
PA_0247,Aditya,Shah,Mumbai,58 Goregaon,400066,India,6619283,WhatsApp,005ak00000WE11pAAD
PA_0248,Aadhya,Bhardwaj,Mumbai,46 BKC,400001,India,7715376,WhatsApp,005ak00000WE11pAAD
PA_0249,Vikram,Sharma,Mumbai,301 Juhu,400054,India,9504997,Email,005ak00000WE11pAAD
PA_0250,Rohit,Reddy,Mumbai,364 Malad,400023,India,3183675,Email,005ak00000WE11pAAD
PA_0251,Karan,Rao,Mumbai,339 Vashi,400064,India,7181970,WhatsApp,005ak00000WE11pAAD
PA_0252,Ayaan,Shah,Mumbai,18 Lower Parel,400014,India,26472260,Email,005ak00000WE11pAAD
PA_0253,Saanvi,Shah,Mumbai,495 Lower Parel,400097,India,8550087,Email,005ak00000WE11pAAD
PA_0254,Atharv,Mehta,Mumbai,221 Worli,400047,India,14110275,WhatsApp,005ak00000WE11pAAD
PA_0255,Neha,Joshi,Mumbai,340 BKC,400055,India,7065525,WhatsApp,005ak00000WE11pAAD
PA_0256,Pooja,Singh,Mumbai,474 Juhu,400044,India,3789223,Email,005ak00000WE11pAAD
PA_0257,Vihaan,Joshi,Mumbai,446 Malad,400022,India,2766292,Email,005ak00000WE11pAAD
PA_0258,Aditya,Malhotra,Mumbai,259 Borivali,400075,India,5107693,WhatsApp,005ak00000WE11pAAD
PA_0259,Kiara,Patel,Mumbai,455 Juhu,400073,India,3238760,WhatsApp,005ak00000WE11pAAD
PA_0260,Aditya,Bhardwaj,Mumbai,43 Goregaon,400073,India,11275876,Email,005ak00000WE11pAAD
PA_0261,Myra,Rao,Mumbai,231 Goregaon,400097,India,4337943,Email,005ak00000WE11pAAD
PA_0262,Rohit,Malhotra,Mumbai,182 Andheri,400065,India,10777849,WhatsApp,005ak00000WE11pAAD
PA_0263,Meera,Singh,Mumbai,389 Khar,400021,India,2046940,Email,005ak00000WE11pAAD
PA_0264,Saanvi,Iyer,Mumbai,430 Lower Parel,400001,India,2899405,WhatsApp,005ak00000WE11pAAD
PA_0265,Ayaan,Shah,Mumbai,22 Andheri,400023,India,5552648,WhatsApp,005ak00000WE11pAAD
PA_0266,Diya,Khanna,Mumbai,414 Thane,400007,India,6222006,WhatsApp,005ak00000WE11pAAD
PA_0267,Anaya,Iyer,Mumbai,442 Worli,400065,India,10838323,WhatsApp,005ak00000WE11pAAD
PA_0268,Reyansh,Shah,Mumbai,478 Vashi,400034,India,1833798,Email,005ak00000WE11pAAD
PA_0269,Rohit,Desai,Mumbai,68 Lower Parel,400045,India,9145793,WhatsApp,005ak00000WE11pAAD
PA_0270,Rajesh,Rao,Mumbai,172 BKC,400081,India,3871515,WhatsApp,005ak00000WE11pAAD
PA_0271,Myra,Singh,Mumbai,162 Andheri,400045,India,11543054,WhatsApp,005ak00000WE11pAAD
PA_0272,Ishaan,Patel,Mumbai,123 Khar,400017,India,17438972,WhatsApp,005ak00000WE11pAAD
PA_0273,Saanvi,Malhotra,Mumbai,232 Khar,400072,India,6735159,Email,005ak00000WE11pAAD
PA_0274,Rajesh,Joshi,Mumbai,98 BKC,400002,India,5940962,WhatsApp,005ak00000WE11pAAD
PA_0275,Rajesh,Malhotra,Mumbai,212 Thane,400093,India,5598134,WhatsApp,005ak00000WE11pAAD
PA_0276,Neha,Patel,Mumbai,61 Andheri,400087,India,2245288,Email,005ak00000WE11pAAD
PA_0277,Aditya,Iyer,Mumbai,237 Powai,400076,India,3615635,WhatsApp,005ak00000WE11pAAD
PA_0278,Saanvi,Desai,Mumbai,76 Andheri,400006,India,3916669,Email,005ak00000WE11pAAD
PA_0279,Atharv,Bhardwaj,Mumbai,167 Vashi,400024,India,4101426,Email,005ak00000WE11pAAD
PA_0280,Priya,Rao,Mumbai,48 Vashi,400088,India,2419493,Email,005ak00000WE11pAAD
PA_0281,Vikram,Khanna,Mumbai,272 Vashi,400056,India,3812813,WhatsApp,005ak00000WE11pAAD
PA_0282,Kiara,Joshi,Mumbai,315 Lower Parel,400058,India,7928508,WhatsApp,005ak00000WE11pAAD
PA_0283,Meera,Desai,Mumbai,26 Khar,400073,India,9243909,Email,005ak00000WE11pAAD
PA_0284,Ishaan,Khanna,Mumbai,345 Worli,400073,India,1475422,Email,005ak00000WE11pAAD
PA_0285,Kiara,Iyer,Mumbai,22 Andheri,400058,India,13836993,WhatsApp,005ak00000WE11pAAD
PA_0286,Diya,Desai,Mumbai,484 Thane,400011,India,2838571,Email,005ak00000WE11pAAD
PA_0287,Atharv,Patel,Mumbai,291 Lower Parel,400052,India,4007728,Email,005ak00000WE11pAAD
PA_0288,Anaya,Desai,Mumbai,229 Vashi,400043,India,7120545,WhatsApp,005ak00000WE11pAAD
PA_0289,Diya,Shah,Mumbai,499 Bandra,400029,India,2114141,Email,005ak00000WE11pAAD
PA_0290,Atharv,Singh,Mumbai,470 Thane,400053,India,7087880,WhatsApp,005ak00000WE11pAAD
PA_0291,Ishaan,Bhardwaj,Mumbai,34 Vashi,400032,India,7888010,WhatsApp,005ak00000WE11pAAD
PA_0292,Ayaan,Kapoor,Mumbai,185 Malad,400067,India,7215567,Email,005ak00000WE11pAAD
PA_0293,Vikram,Iyer,Mumbai,46 Powai,400024,India,6083562,Email,005ak00000WE11pAAD
PA_0294,Saanvi,Khanna,Mumbai,73 Worli,400095,India,3893060,WhatsApp,005ak00000WE11pAAD
PA_0295,Ananya,Reddy,Mumbai,329 Vashi,400069,India,29397195,WhatsApp,005ak00000WE11pAAD
PA_0296,Priya,Sharma,Mumbai,343 Goregaon,400031,India,10121481,Email,005ak00000WE11pAAD
PA_0297,Rajesh,Verma,Mumbai,478 Khar,400029,India,3854386,Email,005ak00000WE11pAAD
PA_0298,Sanjay,Bhardwaj,Mumbai,418 Andheri,400030,India,19271237,WhatsApp,005ak00000WE11pAAD
PA_0299,Atharv,Mehta,Mumbai,486 Goregaon,400063,India,3701767,Email,005ak00000WE11pAAD
PA_0300,Aditya,Bhardwaj,Mumbai,104 Worli,400001,India,5293771,WhatsApp,005ak00000WE11pAAD
PA_0301,Ananya,Mehta,Mumbai,288 BKC,400002,India,4026029,WhatsApp,005ak00000WE11pAAD
PA_0302,Vihaan,Gupta,Mumbai,108 Andheri,400023,India,4661142,WhatsApp,005ak00000WE11pAAD
PA_0303,Krishna,Bhardwaj,Mumbai,126 Khar,400092,India,2385245,WhatsApp,005ak00000WE11pAAD
PA_0304,Myra,Kapoor,Mumbai,114 Vashi,400024,India,3326168,Email,005ak00000WE11pAAD
PA_0305,Kiara,Iyer,Mumbai,385 Malad,400094,India,7433670,Email,005ak00000WE11pAAD
PA_0306,Sanjay,Khanna,Mumbai,497 Goregaon,400052,India,2175513,Email,005ak00000WE11pAAD
PA_0307,Anaya,Sharma,Mumbai,156 Powai,400056,India,2333605,WhatsApp,005ak00000WE11pAAD
PA_0308,Diya,Reddy,Mumbai,495 Andheri,400039,India,3170090,Email,005ak00000WE11pAAD
PA_0309,Karan,Joshi,Mumbai,235 Lower Parel,400093,India,2144191,Email,005ak00000WE11pAAD
PA_0310,Meera,Iyer,Mumbai,277 Lower Parel,400018,India,17600474,WhatsApp,005ak00000WE11pAAD
PA_0311,Ayaan,Sharma,Mumbai,92 Andheri,400082,India,3488527,WhatsApp,005ak00000WE11pAAD
PA_0312,Anaya,Patel,Mumbai,257 Lower Parel,400029,India,4266301,Email,005ak00000WE11pAAD
PA_0313,Saanvi,Iyer,Mumbai,148 Andheri,400035,India,5378478,WhatsApp,005ak00000WE11pAAD
PA_0314,Ananya,Shah,Mumbai,429 BKC,400030,India,13009452,Email,005ak00000WE11pAAD
PA_0315,Vihaan,Malhotra,Mumbai,276 Goregaon,400042,India,6584870,Email,005ak00000WE11pAAD
PA_0316,Kiara,Malhotra,Mumbai,301 Vashi,400047,India,2336370,WhatsApp,005ak00000WE11pAAD
PA_0317,Ishaan,Shah,Mumbai,354 Malad,400034,India,12373451,Email,005ak00000WE11pAAD
PA_0318,Atharv,Kapoor,Mumbai,462 Lower Parel,400098,India,3127205,Email,005ak00000WE11pAAD
PA_0319,Anaya,Malhotra,Mumbai,56 Andheri,400099,India,2657448,WhatsApp,005ak00000WE11pAAD
PA_0320,Meera,Iyer,Mumbai,418 Thane,400004,India,10702234,Email,005ak00000WE11pAAD
PA_0321,Kiara,Rao,Mumbai,224 Borivali,400077,India,2779265,WhatsApp,005ak00000WE11pAAD
PA_0322,Priya,Shah,Mumbai,340 Khar,400069,India,3649391,WhatsApp,005ak00000WE11pAAD
PA_0323,Ayaan,Reddy,Mumbai,134 Malad,400012,India,4122636,WhatsApp,005ak00000WE11pAAD
PA_0324,Ananya,Verma,Mumbai,370 Borivali,400074,India,17782611,Email,005ak00000WE11pAAD
PA_0325,Neha,Singh,Mumbai,437 Borivali,400058,India,2488928,Email,005ak00000WE11pAAD
PA_0326,Sanjay,Sharma,Mumbai,5 Thane,400033,India,6072798,WhatsApp,005ak00000WE11pAAD
PA_0327,Ayaan,Joshi,Mumbai,33 Vashi,400055,India,8710413,WhatsApp,005ak00000WE11pAAD
PA_0328,Priya,Verma,Mumbai,283 Bandra,400047,India,6255471,Email,005ak00000WE11pAAD
PA_0329,Krishna,Rao,Mumbai,90 BKC,400052,India,11621306,WhatsApp,005ak00000WE11pAAD
PA_0330,Ishaan,Reddy,Mumbai,307 Bandra,400037,India,3314716,WhatsApp,005ak00000WE11pAAD
PA_0331,Aadhya,Desai,Mumbai,280 Khar,400098,India,951290,WhatsApp,005ak00000WE11pAAD
PA_0332,Diya,Iyer,Mumbai,233 BKC,400089,India,11107362,Email,005ak00000WE11pAAD
PA_0333,Karan,Kapoor,Mumbai,53 Bandra,400073,India,6335188,WhatsApp,005ak00000WE11pAAD
PA_0334,Pooja,Reddy,Mumbai,215 Goregaon,400050,India,7826542,WhatsApp,005ak00000WE11pAAD
PA_0335,Krishna,Iyer,Mumbai,233 Powai,400060,India,7088754,Email,005ak00000WE11pAAD
PA_0336,Diya,Reddy,Mumbai,8 Worli,400075,India,15350063,WhatsApp,005ak00000WE11pAAD
PA_0337,Aarav,Mehta,Mumbai,137 Khar,400009,India,11357516,WhatsApp,005ak00000WE11pAAD
PA_0338,Sanjay,Kapoor,Mumbai,366 Juhu,400012,India,5825159,WhatsApp,005ak00000WE11pAAD
PA_0339,Neha,Rao,Mumbai,266 Powai,400034,India,7768944,WhatsApp,005ak00000WE11pAAD
PA_0340,Ayaan,Reddy,Mumbai,302 Powai,400079,India,3802133,WhatsApp,005ak00000WE11pAAD
PA_0341,Meera,Gupta,Mumbai,340 Powai,400011,India,3430418,Email,005ak00000WE11pAAD
PA_0342,Rajesh,Khanna,Mumbai,72 Powai,400066,India,4045724,WhatsApp,005ak00000WE11pAAD
PA_0343,Atharv,Rao,Mumbai,471 BKC,400072,India,1796526,Email,005ak00000WE11pAAD
PA_0344,Rohit,Patel,Mumbai,168 Lower Parel,400086,India,4649363,Email,005ak00000WE11pAAD
PA_0345,Vihaan,Reddy,Mumbai,241 Lower Parel,400091,India,9700345,WhatsApp,005ak00000WE11pAAD
PA_0346,Diya,Rao,Mumbai,108 Lower Parel,400017,India,6297274,WhatsApp,005ak00000WE11pAAD
PA_0347,Vikram,Patel,Mumbai,47 Malad,400088,India,9858898,WhatsApp,005ak00000WE11pAAD
PA_0348,Vikram,Shah,Mumbai,81 Vashi,400099,India,10838466,Email,005ak00000WE11pAAD
PA_0349,Myra,Gupta,Mumbai,326 Goregaon,400064,India,5862300,WhatsApp,005ak00000WE11pAAD
PA_0350,Rohit,Shah,Mumbai,96 Worli,400075,India,3815229,Email,005ak00000WE11pAAD
PA_0351,Vihaan,Gupta,Mumbai,385 Worli,400038,India,1697021,WhatsApp,005ak00000WE11pAAD
PA_0352,Anaya,Kapoor,Mumbai,418 Khar,400039,India,1792375,Email,005ak00000WE11pAAD
PA_0353,Krishna,Gupta,Mumbai,124 Powai,400073,India,9568497,Email,005ak00000WE11pAAD
PA_0354,Rohit,Desai,Mumbai,104 Lower Parel,400090,India,4596024,Email,005ak00000WE11pAAD
PA_0355,Ananya,Patel,Mumbai,479 Lower Parel,400019,India,9374907,WhatsApp,005ak00000WE11pAAD
PA_0356,Vihaan,Singh,Mumbai,265 Malad,400017,India,8688375,WhatsApp,005ak00000WE11pAAD
PA_0357,Reyansh,Patel,Mumbai,494 Juhu,400089,India,3848105,Email,005ak00000WE11pAAD
PA_0358,Meera,Khanna,Mumbai,56 Borivali,400030,India,4819776,WhatsApp,005ak00000WE11pAAD
PA_0359,Diya,Verma,Mumbai,31 Worli,400090,India,3783313,Email,005ak00000WE11pAAD
PA_0360,Saanvi,Iyer,Mumbai,206 Malad,400044,India,6283482,Email,005ak00000WE11pAAD
PA_0361,Saanvi,Kapoor,Mumbai,178 Andheri,400030,India,5255204,WhatsApp,005ak00000WE11pAAD
PA_0362,Vikram,Verma,Mumbai,468 BKC,400068,India,6310598,Email,005ak00000WE11pAAD
PA_0363,Kiara,Reddy,Mumbai,390 BKC,400098,India,10189922,WhatsApp,005ak00000WE11pAAD
PA_0364,Meera,Verma,Mumbai,374 BKC,400052,India,27960992,WhatsApp,005ak00000WE11pAAD
PA_0365,Meera,Rao,Mumbai,250 Worli,400025,India,6188316,Email,005ak00000WE11pAAD
PA_0366,Karan,Kapoor,Mumbai,300 Thane,400021,India,1997767,WhatsApp,005ak00000WE11pAAD
PA_0367,Reyansh,Mehta,Mumbai,297 Khar,400076,India,2387848,WhatsApp,005ak00000WE11pAAD
PA_0368,Ishaan,Bhardwaj,Mumbai,307 Thane,400070,India,4782958,WhatsApp,005ak00000WE11pAAD
PA_0369,Reyansh,Bhardwaj,Mumbai,36 Thane,400010,India,5357158,WhatsApp,005ak00000WE11pAAD
PA_0370,Pooja,Desai,Mumbai,110 Bandra,400053,India,5262634,Email,005ak00000WE11pAAD
PA_0371,Anaya,Mehta,Mumbai,64 Malad,400002,India,25499721,Email,005ak00000WE11pAAD
PA_0372,Aditya,Sharma,Mumbai,370 Juhu,400096,India,1667452,WhatsApp,005ak00000WE11pAAD
PA_0373,Rajesh,Desai,Mumbai,67 Bandra,400038,India,10666645,WhatsApp,005ak00000WE11pAAD
PA_0374,Saanvi,Iyer,Mumbai,157 Powai,400061,India,3146940,WhatsApp,005ak00000WE11pAAD
PA_0375,Neha,Malhotra,Mumbai,82 Andheri,400064,India,11453175,WhatsApp,005ak00000WE11pAAD
PA_0376,Kiara,Singh,Mumbai,472 Goregaon,400077,India,6510904,WhatsApp,005ak00000WE11pAAD
PA_0377,Atharv,Singh,Mumbai,272 Goregaon,400083,India,2074035,WhatsApp,005ak00000WE11pAAD
PA_0378,Karan,Rao,Mumbai,397 Vashi,400067,India,2045777,Email,005ak00000WE11pAAD
PA_0379,Aadhya,Shah,Mumbai,175 Worli,400085,India,2640489,Email,005ak00000WE11pAAD
PA_0380,Anaya,Sharma,Mumbai,463 Lower Parel,400054,India,3498740,WhatsApp,005ak00000WE11pAAD
PA_0381,Myra,Joshi,Mumbai,436 Bandra,400095,India,4195389,WhatsApp,005ak00000WE11pAAD
PA_0382,Ayaan,Shah,Mumbai,102 Andheri,400077,India,1558527,WhatsApp,005ak00000WE11pAAD
PA_0383,Aarav,Joshi,Mumbai,260 Lower Parel,400098,India,4298987,Email,005ak00000WE11pAAD
PA_0384,Ishaan,Kapoor,Mumbai,35 Thane,400043,India,3506671,WhatsApp,005ak00000WE11pAAD
PA_0385,Neha,Joshi,Mumbai,62 Juhu,400042,India,4502270,Email,005ak00000WE11pAAD
PA_0386,Myra,Verma,Mumbai,459 Borivali,400096,India,6101647,WhatsApp,005ak00000WE11pAAD
PA_0387,Priya,Mehta,Mumbai,287 Powai,400099,India,4259499,WhatsApp,005ak00000WE11pAAD
PA_0388,Kiara,Iyer,Mumbai,237 Thane,400045,India,4867716,Email,005ak00000WE11pAAD
PA_0389,Ishaan,Malhotra,Mumbai,84 BKC,400029,India,7039835,WhatsApp,005ak00000WE11pAAD
PA_0390,Atharv,Gupta,Mumbai,283 Powai,400081,India,5776668,WhatsApp,005ak00000WE11pAAD
PA_0391,Anaya,Verma,Mumbai,418 Andheri,400028,India,4221025,WhatsApp,005ak00000WE11pAAD
PA_0392,Aditya,Singh,Mumbai,123 Borivali,400027,India,10958217,WhatsApp,005ak00000WE11pAAD
PA_0393,Ayaan,Desai,Mumbai,468 Andheri,400084,India,6942271,WhatsApp,005ak00000WE11pAAD
PA_0394,Ishaan,Desai,Mumbai,468 Goregaon,400072,India,6108314,Email,005ak00000WE11pAAD
PA_0395,Aarav,Rao,Mumbai,132 Bandra,400065,India,15303513,Email,005ak00000WE11pAAD
PA_0396,Neha,Mehta,Mumbai,62 Malad,400053,India,6593510,Email,005ak00000WE11pAAD
PA_0397,Anaya,Bhardwaj,Mumbai,247 Powai,400042,India,10730131,WhatsApp,005ak00000WE11pAAD
PA_0398,Ananya,Malhotra,Mumbai,367 Lower Parel,400050,India,8921348,WhatsApp,005ak00000WE11pAAD
PA_0399,Kiara,Kapoor,Mumbai,253 Bandra,400076,India,5671169,Email,005ak00000WE11pAAD
PA_0400,Vikram,Shah,Mumbai,319 Goregaon,400023,India,1493298,WhatsApp,005ak00000WE11pAAD
PA_0401,Myra,Malhotra,Mumbai,124 Goregaon,400071,India,3446427,WhatsApp,005ak00000WE11pAAD
PA_0402,Diya,Khanna,Mumbai,330 BKC,400028,India,8852076,WhatsApp,005ak00000WE11pAAD
PA_0403,Krishna,Desai,Mumbai,240 Juhu,400083,India,4371272,WhatsApp,005ak00000WE11pAAD
PA_0404,Krishna,Kapoor,Mumbai,245 Bandra,400055,India,12830074,WhatsApp,005ak00000WE11pAAD
PA_0405,Rohit,Gupta,Mumbai,32 Vashi,400010,India,12402269,Email,005ak00000WE11pAAD
PA_0406,Ayaan,Rao,Mumbai,428 BKC,400032,India,7847598,Email,005ak00000WE11pAAD
PA_0407,Priya,Malhotra,Mumbai,95 BKC,400083,India,15231943,WhatsApp,005ak00000WE11pAAD
PA_0408,Anaya,Mehta,Mumbai,322 Borivali,400012,India,13902070,Email,005ak00000WE11pAAD
PA_0409,Vihaan,Malhotra,Mumbai,460 Powai,400054,India,9381710,WhatsApp,005ak00000WE11pAAD
PA_0410,Ayaan,Patel,Mumbai,19 Juhu,400089,India,3096427,Email,005ak00000WE11pAAD
PA_0411,Ishaan,Desai,Mumbai,144 Bandra,400081,India,14198854,Email,005ak00000WE11pAAD
PA_0412,Priya,Malhotra,Mumbai,231 Vashi,400076,India,8645187,WhatsApp,005ak00000WE11pAAD
PA_0413,Ishaan,Kapoor,Mumbai,120 BKC,400092,India,3640591,WhatsApp,005ak00000WE11pAAD
PA_0414,Kiara,Verma,Mumbai,428 Worli,400050,India,2547975,WhatsApp,005ak00000WE11pAAD
PA_0415,Aadhya,Reddy,Mumbai,406 Bandra,400031,India,14092562,WhatsApp,005ak00000WE11pAAD
PA_0416,Vihaan,Iyer,Mumbai,39 BKC,400048,India,4118222,WhatsApp,005ak00000WE11pAAD
PA_0417,Diya,Verma,Mumbai,217 Juhu,400020,India,6996754,WhatsApp,005ak00000WE11pAAD
PA_0418,Rohit,Patel,Mumbai,152 Bandra,400090,India,6498756,WhatsApp,005ak00000WE11pAAD
PA_0419,Krishna,Kapoor,Mumbai,136 Vashi,400009,India,4191194,WhatsApp,005ak00000WE11pAAD
PA_0420,Ananya,Rao,Mumbai,134 Bandra,400012,India,4075594,WhatsApp,005ak00000WE11pAAD
PA_0421,Reyansh,Reddy,Mumbai,461 Vashi,400039,India,9480514,WhatsApp,005ak00000WE11pAAD
PA_0422,Kiara,Joshi,Mumbai,314 Malad,400033,India,14757043,Email,005ak00000WE11pAAD
PA_0423,Ishaan,Iyer,Mumbai,421 Powai,400049,India,2599719,WhatsApp,005ak00000WE11pAAD
PA_0424,Rohit,Reddy,Mumbai,200 Andheri,400087,India,2441291,WhatsApp,005ak00000WE11pAAD
PA_0425,Kiara,Joshi,Mumbai,194 Thane,400090,India,2958497,WhatsApp,005ak00000WE11pAAD
PA_0426,Rohit,Kapoor,Mumbai,298 Lower Parel,400041,India,6273906,WhatsApp,005ak00000WE11pAAD
PA_0427,Rajesh,Kapoor,Mumbai,297 Khar,400041,India,15850757,WhatsApp,005ak00000WE11pAAD
PA_0428,Reyansh,Reddy,Mumbai,15 Juhu,400090,India,5646740,WhatsApp,005ak00000WE11pAAD
PA_0429,Ananya,Joshi,Mumbai,338 Powai,400052,India,17873913,WhatsApp,005ak00000WE11pAAD
PA_0430,Diya,Khanna,Mumbai,212 Goregaon,400052,India,2162891,WhatsApp,005ak00000WE11pAAD
PA_0431,Krishna,Joshi,Mumbai,52 Lower Parel,400010,India,5043979,Email,005ak00000WE11pAAD
PA_0432,Reyansh,Desai,Mumbai,127 Juhu,400009,India,980327,WhatsApp,005ak00000WE11pAAD
PA_0433,Meera,Khanna,Mumbai,127 Khar,400036,India,1627806,Email,005ak00000WE11pAAD
PA_0434,Saanvi,Singh,Mumbai,120 Vashi,400047,India,2833235,WhatsApp,005ak00000WE11pAAD
PA_0435,Rohit,Singh,Mumbai,105 Juhu,400028,India,4833005,WhatsApp,005ak00000WE11pAAD
PA_0436,Saanvi,Kapoor,Mumbai,88 Powai,400047,India,9642151,Email,005ak00000WE11pAAD
PA_0437,Diya,Sharma,Mumbai,423 Khar,400071,India,1844179,WhatsApp,005ak00000WE11pAAD
PA_0438,Atharv,Joshi,Mumbai,364 Worli,400071,India,7510008,Email,005ak00000WE11pAAD
PA_0439,Anaya,Joshi,Mumbai,104 BKC,400066,India,1783784,WhatsApp,005ak00000WE11pAAD
PA_0440,Aarav,Shah,Mumbai,218 Andheri,400066,India,5871234,WhatsApp,005ak00000WE11pAAD
PA_0441,Atharv,Reddy,Mumbai,369 Juhu,400036,India,2879917,WhatsApp,005ak00000WE11pAAD
PA_0442,Kiara,Desai,Mumbai,243 Khar,400042,India,9640881,WhatsApp,005ak00000WE11pAAD
PA_0443,Ishaan,Malhotra,Mumbai,146 Bandra,400069,India,6746998,WhatsApp,005ak00000WE11pAAD
PA_0444,Ishaan,Malhotra,Mumbai,259 Thane,400039,India,4908198,Email,005ak00000WE11pAAD
PA_0445,Saanvi,Khanna,Mumbai,167 Lower Parel,400059,India,16310304,Email,005ak00000WE11pAAD
PA_0446,Vikram,Kapoor,Mumbai,498 Powai,400003,India,5735473,Email,005ak00000WE11pAAD
PA_0447,Sanjay,Iyer,Mumbai,234 Bandra,400031,India,3706308,Email,005ak00000WE11pAAD
PA_0448,Kiara,Verma,Mumbai,388 Goregaon,400019,India,4777086,WhatsApp,005ak00000WE11pAAD
PA_0449,Krishna,Patel,Mumbai,53 Khar,400015,India,8230825,Email,005ak00000WE11pAAD
PA_0450,Rohit,Reddy,Mumbai,421 Khar,400086,India,9360822,WhatsApp,005ak00000WE11pAAD
